component_1,component_2,component_3
2.6443388721244006,1.6950820502728954,-2.885400243679014
-1.4597022986731911,10.264724710326679,-4.781942847818859
2.3612714231245575,0.23185709487121625,-0.7036749951491822
0.34632740342463486,1.4464252309004455,-0.3311309641652112
4.475789581765861,-3.412952207025596,3.025773996459576
2.8109082625777537,-2.2023327145990543,0.1790538979139233
4.548445546407083,1.7339880576295963,-2.567318597131232
3.8399520299185754,-2.5515272301638565,0.8047752864022345
-3.903924740045616,-2.727441923309483,4.852193673248593
-2.8481566205442372,-3.4814024341249366,0.5653313835319025
-12.297638617344878,6.686896086786836,11.346414359237478
-0.24854257649724637,0.2634497081010967,3.0346445951315326
5.929190558488776,-2.2490568865357083,1.6924244682979073
-11.97832624202397,-9.333764208043974,-5.145536598790651
-6.955953669371093,-5.592558548914535,-6.78225308772956
3.597078089196023,-1.2211938048141924,0.5485442930582245
2.1576505247853937,2.7311366472171903,-0.29458372984956666
1.0792710999788762,-0.9918133181734614,-0.4423144944716802
0.01139848719806008,3.4806974521911354,-6.153471584945162
0.7796890532603253,5.282035211043682,-2.5499437989275395
-4.40775996502001,3.133122959892893,-1.8740719274076583
1.7000740271172985,-3.096039112063203,2.334067078803638
-0.5532428479088719,5.898324883628711,-0.4878996165013027
4.231941800449833,-2.901625554311613,2.9345667625104848
4.139920817611663,-3.0860321507827755,3.6817526919711225
