component_1,component_2,component_3
-0.352452933893364,3.353264624377383,0.27332279626359757
-4.931762186705401,1.1484697041884184,5.657870314652779
2.4570592274651384,2.100750552872543,0.6968034879134021
-0.8013106022301292,2.3916717032021144,2.5255888418609422
4.782078608426658,-3.144849977685013,1.8117204578947954
3.4797958444992543,-0.1296648186695083,-0.4798446882453296
2.8850179332064028,8.867402539271604,-3.8826320909963155
2.735937504285156,0.8397610991908039,-3.4923969020924255
-0.7977281980011249,-5.542718496920078,-0.33981767000880564
-2.273270455074047,-6.302977156210265,-3.168667668855484
-11.062096905064982,-0.9081320883134935,7.196666226084216
1.8920432287880677,-1.2699513996405944,2.0916389261871706
8.103900118955778,2.869591777061075,0.7355869976505589
-5.2648599206209585,-6.552393173694339,-5.450534715015019
-5.787712511107264,-1.5934346561731283,-8.42721906499111
3.802394541830291,0.3212380577335235,0.9569152122346538
-0.792038780526649,3.9358855436953926,0.4037987893281221
1.0975577095916882,-1.5963684068005566,-4.273098806030738
-4.975755881333748,7.783647443016508,-4.987717233966554
-1.271966006909946,6.304915231015507,1.6634994762831086
-7.0909292653855385,-1.8691082718356802,0.3921886141320857
4.501852941837092,-3.3986699446092667,2.7567897243893245
-3.52152640751829,0.30831247244478166,5.250925036846752
7.993153041641759,-2.6849935276826797,1.2519350550714912
5.192619353844164,-5.23164882983505,0.8366788834087843
