component_1,component_2,component_3
-9.290304643473087,-10.58572717751632,-10.006352062222929
-10.749174747805794,-13.570079215421071,-11.794580528102587
-3.4921458623254558,1.5864512116740983,10.317068728192332
-8.195097922408943,-7.486911966296101,-2.0194877680764374
-11.540246305729871,-3.3720848288114906,-7.826060499822427
-7.353173064241058,-3.0800749330543318,5.015473841845812
-9.623114329614644,-9.917100843783544,-7.00740870298913
-10.613713161130576,-8.288752072143291,-7.430274757762912
-5.1245704778008845,-7.356803512001028,-10.400333655492823
-8.277785197150381,-4.891250249536326,-7.629687089299975
-9.920990827130888,-13.406125030571987,-13.655501279185922
199.24214443255798,-10.856847850005892,-2.0075814241941923
-7.201329126567742,10.056004291887689,106.39798023785708
-10.318289527653311,-12.657127431283893,-14.653725725843037
-11.256601468468256,-13.376087729220671,-14.085900110141305
-8.899379813318676,-3.1059846424347533,5.355335187236042
-9.432875718968385,-8.90250009305849,-7.390722102828729
-11.789919417892483,-5.713326059419809,-7.163528593237728
-10.830513744933535,-13.08169949343572,-14.447659904272427
-9.29335047048101,-11.782323805832391,-12.934117170604507
-8.766349030203415,-10.96571195481049,-14.336387636846618
-2.9705096590512308,17.891698544852677,64.80532280042175
-9.585315666141325,-11.519280479215976,-10.701975700118552
4.2836805696560525,150.86814406538355,-27.252877836421746
-9.001074819722938,3.5135012540556083,10.852981751911004
