component_1,component_2,component_3
-5.087274979669506,9.093907550561658,-2.3125122202923727
-14.453001824701955,13.404697882522818,17.411240817352354
4.959901349859742,5.705523474544902,-0.27218410574298557
-1.0587494137910107,7.206283131913312,5.379629260731397
12.501480184566113,-7.177499174384237,-4.865372319301275
10.239752648235962,4.46299622352568,-2.0819456786826764
-1.9914775028472806,14.843801019725117,-5.111835000732361
3.414219345113614,-4.686256959162777,-2.2234751956493857
-0.7325883228512745,-22.954334043051304,15.13227527087812
-0.0674778429834978,-7.334415553382188,-6.989938295273944
-21.300453201639893,-18.45211239935213,10.307889738889775
4.739355848817762,-4.052840257013057,9.721019762287495
21.166617630053974,3.29129633559776,5.221236164552897
-17.943313775925144,-15.278572192117194,-8.562534424625936
-17.637486287258,-8.928534405213982,-21.51608738881855
9.061990211950675,4.302037897843608,-2.4365152944792645
1.4069996026674465,1.469223583894505,3.886908312399619
5.993654128975795,-0.3762337960119898,-11.077445385960448
-13.389532929711043,14.135454392067421,-14.404892768651344
-9.190212261290807,13.998799955066291,2.466115100207995
-11.493092956724919,-1.2303170652736486,-0.16819062431715096
13.178697412037698,-2.9769589914490857,2.437070635329929
-12.72013527084358,9.364839351287939,13.775722913770947
19.53632697062673,-2.4236076189632083,1.1628401739542074
20.86580123733239,-5.4071783431761995,-4.879019447827056
