Author,Predicted Bias,Threshold
-CJF-,Left,0.9397489066759146
42Pockets,Left,0.5
AffectionatePause152,Left,0.6615373601514095
Alternative-Rub-7445,Left,0.530028394196116
Deepthunkd,Right,0.6419825475921161
Deutsche_Bank_AG,Left,0.5885646358143302
EmergencyThing5,Left,0.8158803119801462
Expensive-Annual1024,Right,0.5931694097579063
Flaky-Wing2205,Left,0.7663524698828527
HyruleSmash855,Right,0.6445945735442843
Idea-Technical,Left,0.7387874898128691
Impressive-Peanut614,Left,0.71426383185386
Leann004,Right,0.6717311641927851
LeetleBugg,Left,0.7763603197093131
Logical_Holiday_2457,Left,0.7580010459091282
Ok-Nefariousness-927,Right,0.6375245356260248
OrangeTabbiesDad,Left,0.6815193105365046
PandaKing6887,Left,0.8337792681739822
Relevant-Platypus162,Left,0.5975369045550456
SD-777,Left,0.5438808142621518
TldrDev,Left,0.6350305542544161
Ut_Prosim,Left,0.8931024114639944
arinehim,Left,0.7523055225102743
baby-luvs-gorgonzola,Left,0.5349707209841464
blueskyandsea,Left,0.8968282861548238
burner12077,Left,0.5933661990421405
codece,Left,0.7671812564943566
embiggenedmind,Right,0.7544113012083737
girl_of_squirrels,Left,0.552346756610752
horsebycommittee,Right,0.8413515148716708
hotjambalaya17,Right,0.6801554614632074
indy1386,Left,0.7092077550539472
ironboy157,Left,0.6269443810897842
kungfuenglish,Left,0.5383313934338135
milespoints,Left,0.6085401111054082
mindmapsofficial,Left,0.759783866562062
mlotto7,Left,0.8349725441725342
mxzf,Left,0.6799181201638431
random-bot-2,Left,0.8881517361072968
robotlasagna,Right,0.6980808767880183
snoopyvibes,Left,0.8729805687621909
throwawtphone,Right,0.7889488862104903
tizuby,Right,0.704741838981084
urLocalpoopstain,Left,0.8831624700947069
waterwicca,Left,0.8568857045597897
wes7946,Right,0.7736356971607624
xantharia,Right,0.6910586240085076
