Author,Predicted Bias,Threshold
-CJF-,Center,0.5245603227005852
42Pockets,Center,0.4323471579871507
AffectionatePause152,Center,0.8786634566931252
Alternative-Rub-7445,Center,0.8093768344383099
Deepthunkd,Center,0.8401554501150289
Deutsche_Bank_AG,Center,0.9771969161946338
EmergencyThing5,Center,0.9348037855939301
Expensive-Annual1024,Center,0.745704570380089
Flaky-Wing2205,Center,0.9143996206361843
HyruleSmash855,Center,0.669846064908932
Idea-Technical,Center,0.778617838479238
Impressive-Peanut614,Center,0.9248210604064033
Leann004,Center,0.899619746049768
LeetleBugg,Center,0.7600862761004525
Logical_Holiday_2457,Center,0.8471548160240958
Ok-Nefariousness-927,Center,0.9361027631378015
OrangeTabbiesDad,Center,0.9584356951765313
PandaKing6887,Center,0.9267095220186424
Relevant-Platypus162,Center,0.8561454565527252
SD-777,Center,0.9713312823086258
TldrDev,Center,0.9602373877074393
Ut_Prosim,Left,0.5931428060284397
arinehim,Left,0.6200903490762004
baby-luvs-gorgonzola,Center,0.9206467733057132
blueskyandsea,Center,0.6659486888330098
burner12077,Center,0.8878923846120728
codece,Center,0.9634277270469743
embiggenedmind,Right,0.9097220403533726
girl_of_squirrels,Center,0.9327379216055324
horsebycommittee,Center,0.7558139257351226
hotjambalaya17,Center,0.960507208282922
indy1386,Center,0.7238077465790612
ironboy157,Center,0.9472835258129121
kungfuenglish,Center,0.8435800583859926
milespoints,Center,0.9049858338049853
mindmapsofficial,Center,0.9666827298287543
mlotto7,Center,0.7640173022434701
mxzf,Center,0.7926946918536606
random-bot-2,Center,0.9141629550010668
robotlasagna,Center,0.9244658337582031
snoopyvibes,Center,0.7174944764981881
throwawtphone,Center,0.8741349554676074
tizuby,Center,0.8915410787059094
urLocalpoopstain,Center,0.8879087595341008
waterwicca,Center,0.8217821417735242
wes7946,Center,0.7982703548577677
xantharia,Center,0.8383362152961514
