"rules","support","confidence","coverage","lift","count"
"{loan,year} => {payment}",0.0538853293905044,0.35042735042735,0.153770330211927,2.64318622311187,328
"{loan,payment} => {year}",0.0538853293905044,0.581560283687943,0.0926564810251355,2.44134996331621,328
"{debt,loan} => {student}",0.0742566124527682,0.675635276532138,0.10990635781173,2.42344839614091,452
"{college,loan} => {student}",0.0532281912272055,0.665297741273101,0.080006571381633,2.38636850390652,324
"{forginess,loan} => {student}",0.0676852308197799,0.636785162287481,0.106292097913586,2.28409621852911,412
"{loan,make} => {student}",0.0617709873500904,0.636209813874788,0.0970921636274027,2.28203249089914,376
"{payment} => {year}",0.070970921636274,0.535315985130111,0.13257762444554,2.24721958723241,432
"{year} => {payment}",0.070970921636274,0.297931034482759,0.238212584195827,2.24721958723241,432
"{like,loan} => {student}",0.0685066535239034,0.615952732644018,0.111220634138328,2.20937199976673,417
"{don,loan} => {student}",0.0619352718909151,0.612012987012987,0.10119927714802,2.19524045488984,377
"{debt,loan} => {pay}",0.0530639066863808,0.482810164424514,0.10990635781173,2.14359261185413,323
"{loan,people} => {student}",0.0837851158206013,0.593023255813954,0.141284705109249,2.12712584451357,510
"{just,loan} => {student}",0.0786922950550353,0.579903147699758,0.135699030721209,2.08006509136619,479
"{payment,student} => {loan}",0.0509282076556596,0.977917981072555,0.0520781994414326,2.07479496367677,310
"{loan,student} => {forginess}",0.0676852308197799,0.271409749670619,0.249383932971907,2.07026459429205,412
