"rules","support","confidence","coverage","lift","count"
"{payment,student} => {loan}",0.0509282076556596,0.977917981072555,0.0520781994414326,2.07479496367677,310
"{forginess,student} => {loan}",0.0676852308197799,0.971698113207547,0.0696566453096764,2.06159861104717,412
"{pay,student} => {loan}",0.083949400361426,0.94280442804428,0.0890422211269919,2.00029646340381,511
"{paid,student} => {loan}",0.0540496139313291,0.94,0.0574995892886479,1.99434646218194,329
"{make,student} => {loan}",0.0617709873500904,0.935323383084577,0.0660423854115328,1.98442434047955,376
"{student,year} => {loan}",0.0870708066370954,0.928196147110333,0.0938064728109085,1.96930287468128,530
"{just,student} => {loan}",0.0786922950550353,0.922928709055877,0.0852636766880237,1.95812724016142,479
"{people,student} => {loan}",0.0837851158206013,0.922242314647378,0.0908493510760637,1.95667095477818,510
"{money,student} => {loan}",0.0530639066863808,0.912429378531073,0.0581567274519468,1.93585138623864,323
"{like,student} => {loan}",0.0685066535239034,0.910480349344978,0.0752423196977165,1.93171623787483,417
"{don,student} => {loan}",0.0619352718909151,0.908433734939759,0.068178084442254,1.92737404830196,377
"{student} => {loan}",0.249383932971907,0.894519740718916,0.27879086577953,1.89785348963264,1518
"{college,student} => {loan}",0.0532281912272055,0.868632707774799,0.0612781337276162,1.84293039115552,324
"{debt,student} => {loan}",0.0742566124527682,0.849624060150376,0.0873993757187449,1.80260078568677,452
"{forgin} => {loan}",0.0686709380647281,0.824457593688363,0.0832922621981272,1.7492064736079,418
