Author,Predicted Bias,Threshold
-CJF-,Left,0.9999999994456061
42Pockets,Left,0.9999994973941979
AffectionatePause152,Left,0.9999996613164518
Alternative-Rub-7445,Left,1.0
Deepthunkd,Left,0.9999999950337042
Deutsche_Bank_AG,Left,1.0
EmergencyThing5,Left,0.9998931199489771
Expensive-Annual1024,Left,0.9999976602131343
Flaky-Wing2205,Left,0.9998638681030373
HyruleSmash855,Right,0.9999997483355717
Idea-Technical,Left,0.9999999999986926
Impressive-Peanut614,Left,0.9999999947104925
Leann004,Left,1.0
LeetleBugg,Left,1.0
Logical_Holiday_2457,Left,0.9999977939132696
Ok-Nefariousness-927,Left,0.9795377294561576
OrangeTabbiesDad,Left,0.9999999999987494
PandaKing6887,Left,0.9999999415516657
Relevant-Platypus162,Left,0.9999997560859426
SD-777,Left,0.9999866235681275
TldrDev,Left,0.9999999999798774
Ut_Prosim,Left,0.9999978505402759
arinehim,Left,0.9999999640369885
baby-luvs-gorgonzola,Left,0.9956835049778474
blueskyandsea,Left,0.9999999994120117
burner12077,Left,1.0
codece,Left,0.9999999999933209
embiggenedmind,Left,0.9999586384965108
girl_of_squirrels,Left,0.9999995589686086
horsebycommittee,Right,0.949572853130326
hotjambalaya17,Left,0.9870565418894703
indy1386,Left,0.9999999999990905
ironboy157,Left,0.9999999999998863
kungfuenglish,Left,0.9999999999985221
milespoints,Left,0.9999999999852207
mindmapsofficial,Left,0.9999999987974206
mlotto7,Left,0.9999999871303089
mxzf,Left,0.9999999862907316
random-bot-2,Left,1.0
robotlasagna,Right,0.9937082756422781
snoopyvibes,Left,0.9999999999842544
throwawtphone,Right,1.0
tizuby,Right,0.5564443360303643
urLocalpoopstain,Left,0.9999999999998295
waterwicca,Left,0.999999999971493
wes7946,Right,0.9999921808294966
xantharia,Left,1.0
