Statistic,News Article Value,Reddit Author Value,Reddit Subset Author Value
count,886.0,8918.0,47.0
mean,468.8735891647855,23.779210585333033,421.59574468085106
std,688.0115225697059,45.4526068703081,286.10857315654226
min,5.0,0.0,244.0
25%,244.0,6.0,271.0
50%,357.5,12.0,367.0
75%,514.0,25.0,429.0
max,14847.0,2003.0,2003.0
